{
    "image_number": 8,
    "user_answer": "consequences of ir",
    "correct_answer": "consequences of ir",
    "last_fixation_attention": [],
    "pre_typing_attention": [
        {
            "word": "to",
            "bounding_box": {
                "topLeftX": 0.25181818181818183,
                "topLeftY": 0.2402073732718894,
                "width": 0.017727272727272727,
                "height": 0.02304147465437788
            },
            "attention_score": 1.0
        },
        {
            "word": "consequences",
            "bounding_box": {
                "topLeftX": 0.09454545454545454,
                "topLeftY": 0.1152073732718894,
                "width": 0.2972727272727273,
                "height": 0.048963133640553
            },
            "attention_score": 1.0
        },
        {
            "word": "damage",
            "bounding_box": {
                "topLeftX": 0.175,
                "topLeftY": 0.23963133640552994,
                "width": 0.07272727272727272,
                "height": 0.02304147465437788
            },
            "attention_score": 1.0
        }
    ],
    "typing_attention": []
}