{
    "image_number": 68,
    "user_answer": "medical biophysis",
    "correct_answer": "medical biophysics",
    "last_fixation_attention": [],
    "pre_typing_attention": [
        {
            "word": "medical",
            "bounding_box": {
                "topLeftX": 0.2196601941747573,
                "topLeftY": 0.17096336499321574,
                "width": 0.16140776699029127,
                "height": 0.07598371777476255
            },
            "attention_score": 1.0
        }
    ],
    "typing_attention": [
        {
            "word": "of",
            "bounding_box": {
                "topLeftX": 0.49029126213592233,
                "topLeftY": 0.30257801899592945,
                "width": 0.018810679611650484,
                "height": 0.029850746268656716
            },
            "attention_score": 1.0
        },
        {
            "word": "biophysics",
            "bounding_box": {
                "topLeftX": 0.3919902912621359,
                "topLeftY": 0.1723202170963365,
                "width": 0.216626213592233,
                "height": 0.07598371777476255
            },
            "attention_score": 1.0
        },
        {
            "word": "the",
            "bounding_box": {
                "topLeftX": 0.5139563106796117,
                "topLeftY": 0.30257801899592945,
                "width": 0.02487864077669903,
                "height": 0.029850746268656716
            },
            "attention_score": 1.0
        }
    ]
}