{
    "image_number": 40,
    "user_answer": "December 16. 1985",
    "correct_answer": "december 16, 1985",
    "last_fixation_attention": [
        {
            "word": "december",
            "bounding_box": {
                "topLeftX": 0.8596736596736597,
                "topLeftY": 0.13333333333333333,
                "width": 0.06433566433566433,
                "height": 0.02182890855457227
            },
            "attention_score": 1.0
        }
    ],
    "pre_typing_attention": [
        {
            "word": "december",
            "bounding_box": {
                "topLeftX": 0.8596736596736597,
                "topLeftY": 0.13333333333333333,
                "width": 0.06433566433566433,
                "height": 0.02182890855457227
            },
            "attention_score": 1.0
        }
    ],
    "typing_attention": []
}