{
    "image_number": 94,
    "user_answer": "126",
    "correct_answer": "126",
    "last_fixation_attention": [],
    "pre_typing_attention": [
        {
            "word": "clinic",
            "bounding_box": {
                "topLeftX": 0.7085201793721974,
                "topLeftY": 0.12054329371816638,
                "width": 0.06670403587443946,
                "height": 0.023769100169779286
            },
            "attention_score": 1.0
        },
        {
            "word": "room",
            "bounding_box": {
                "topLeftX": 0.6860986547085202,
                "topLeftY": 0.15195246179966043,
                "width": 0.043721973094170405,
                "height": 0.02461799660441426
            },
            "attention_score": 1.0
        },
        {
            "word": "126",
            "bounding_box": {
                "topLeftX": 0.7443946188340808,
                "topLeftY": 0.15110356536502548,
                "width": 0.030269058295964126,
                "height": 0.02461799660441426
            },
            "attention_score": 1.0
        }
    ],
    "typing_attention": []
}