{
    "image_number": 158,
    "user_answer": "dr. william j. darby",
    "correct_answer": "dr. william j. darby",
    "last_fixation_attention": [
        {
            "word": "comes",
            "bounding_box": {
                "topLeftX": 0.47058823529411764,
                "topLeftY": 0.3161057692307692,
                "width": 0.04092071611253197,
                "height": 0.025240384615384616
            },
            "attention_score": 1.0
        }
    ],
    "pre_typing_attention": [
        {
            "word": "comes",
            "bounding_box": {
                "topLeftX": 0.47058823529411764,
                "topLeftY": 0.3161057692307692,
                "width": 0.04092071611253197,
                "height": 0.025240384615384616
            },
            "attention_score": 1.0
        },
        {
            "word": "just",
            "bounding_box": {
                "topLeftX": 0.440537084398977,
                "topLeftY": 0.3173076923076923,
                "width": 0.027493606138107418,
                "height": 0.025240384615384616
            },
            "attention_score": 1.0
        },
        {
            "word": "natural",
            "bounding_box": {
                "topLeftX": 0.5140664961636828,
                "topLeftY": 0.3161057692307692,
                "width": 0.053069053708439895,
                "height": 0.025240384615384616
            },
            "attention_score": 1.0
        }
    ],
    "typing_attention": []
}