{
    "image_number": 8,
    "user_answer": "consequences of ir",
    "correct_answer": "consequences of ir",
    "last_fixation_attention": [
        {
            "word": "ir",
            "bounding_box": {
                "topLeftX": 0.45,
                "topLeftY": 0.11463133640552996,
                "width": 0.04,
                "height": 0.04665898617511521
            },
            "attention_score": 1.0
        }
    ],
    "pre_typing_attention": [
        {
            "word": "ir",
            "bounding_box": {
                "topLeftX": 0.45,
                "topLeftY": 0.11463133640552996,
                "width": 0.04,
                "height": 0.04665898617511521
            },
            "attention_score": 1.0
        },
        {
            "word": "consequences",
            "bounding_box": {
                "topLeftX": 0.09454545454545454,
                "topLeftY": 0.1152073732718894,
                "width": 0.2972727272727273,
                "height": 0.048963133640553
            },
            "attention_score": 0.5
        },
        {
            "word": "of",
            "bounding_box": {
                "topLeftX": 0.4009090909090909,
                "topLeftY": 0.11578341013824885,
                "width": 0.042272727272727274,
                "height": 0.0478110599078341
            },
            "attention_score": 0.5
        }
    ],
    "typing_attention": []
}