{
    "image_name": "lgbl0226_1",
    "category": "correct_answers_users",
    "user_count": 14,
    "consensus_threshold": 0.55,
    "consensus_bounding_boxes": [
        {
            "topLeftX": 0.2196601941747573,
            "topLeftY": 0.17096336499321574,
            "width": 0.16140776699029127,
            "height": 0.07598371777476255,
            "consensus_score": 0.9285714285714286
        },
        {
            "topLeftX": 0.21905339805825244,
            "topLeftY": 0.30257801899592945,
            "width": 0.08737864077669903,
            "height": 0.028493894165535955,
            "consensus_score": 0.7142857142857143
        },
        {
            "topLeftX": 0.3919902912621359,
            "topLeftY": 0.1723202170963365,
            "width": 0.216626213592233,
            "height": 0.07598371777476255,
            "consensus_score": 0.6428571428571429
        }
    ],
    "correct_answer": "medical biophysics"
}