{
    "image_name": "rfgw0228_1",
    "category": "correct_answers_users",
    "user_count": 11,
    "consensus_threshold": 0.55,
    "consensus_bounding_boxes": [
        {
            "topLeftX": 0.12990762124711316,
            "topLeftY": 0.06351351351351352,
            "width": 0.07159353348729793,
            "height": 0.041891891891891894,
            "consensus_score": 0.7272727272727273
        },
        {
            "topLeftX": 0.02367205542725173,
            "topLeftY": 0.06351351351351352,
            "width": 0.09815242494226328,
            "height": 0.043243243243243246,
            "consensus_score": 0.6363636363636364
        }
    ],
    "correct_answer": "american health foundation inc."
}