{
    "image_number": 40,
    "user_answer": "december 16, 1985",
    "correct_answer": "december 16, 1985",
    "last_fixation_attention": [],
    "pre_typing_attention": [],
    "typing_attention": [
        {
            "word": "16.",
            "bounding_box": {
                "topLeftX": 0.9300699300699301,
                "topLeftY": 0.13274336283185842,
                "width": 0.02564102564102564,
                "height": 0.02064896755162242
            },
            "attention_score": 1.0
        },
        {
            "word": "december",
            "bounding_box": {
                "topLeftX": 0.8596736596736597,
                "topLeftY": 0.13333333333333333,
                "width": 0.06433566433566433,
                "height": 0.02182890855457227
            },
            "attention_score": 1.0
        }
    ]
}